{
  "users": [
    {
      "userId": 1,
      "email": "email@email.com",
      "password": "ASdf12**",
      "nickName": "스타트업코드",
      "chooseFile": "rect.png"
    },
    {
      "userId": 2,
      "email": "kacls@email.com",
      "password": "Kakao12!!",
      "nickName": "카클스",
      "chooseFile": "배경_카클스_yellow.png"
    },
    {
      "userId": 3,
      "email": "rlfls98@naver.com",
      "password": "asDF12@@",
      "nickName": "rlfls98",
      "chooseFile": "춘식이.jpg"
    },
    {
      "userId": 4,
      "email": "hhrsxz@email.com",
      "password": "B*rT6j!2",
      "nickName": "집에가고싶다",
      "chooseFile": "image.png"
    },
    {
      "userId": 5,
      "email": "xvqplk@email.com",
      "password": "a$Df1234",
      "nickName": "S개발자",
      "chooseFile": "image.png"
    },
    {
      "userId": 6,
      "email": "abcrxy@email.com",
      "password": "Hjkl!789",
      "nickName": "조지아",
      "chooseFile": "image.png"
    },
    {
      "userId": 7,
      "email": "mnopqr@email.com",
      "password": "TuvWx!90",
      "nickName": "최민주",
      "chooseFile": "image.png"
    },
    {
      "userId": 8,
      "email": "stuvwx@email.com",
      "password": "Yzab!234",
      "nickName": "이영희",
      "chooseFile": "image.png"
    },
    {
      "userId": 9,
      "email": "cdefgh@email.com",
      "password": "Cdef!567",
      "nickName": "강현우",
      "chooseFile": "image.png"
    },
    {
      "userId": 10,
      "email": "ijklmn@email.com",
      "password": "Ghij!890",
      "nickName": "윤성민",
      "chooseFile": "image.png"
    },
    {
      "userId": 11,
      "email": "opqrst@email.com",
      "password": "Klmn!123",
      "nickName": "장하윤",
      "chooseFile": "image.png"
    },
    {
      "userId": 12,
      "email": "uvwxyz@email.com",
      "password": "Opqr!456",
      "nickName": "행복한햄스터",
      "chooseFile": "image.png"
    },
    {
      "userId": 13,
      "email": "abcdef@email.com",
      "password": "Stuv!789",
      "nickName": "임예진",
      "chooseFile": "image.png"
    },
    {
      "userId": 14,
      "email": "ghijkl@email.com",
      "password": "Wxyz!012",
      "nickName": "김철수",
      "chooseFile": "image.png"
    },
    {
      "userId": 15,
      "email": "mnopqr@email.com",
      "password": "Abcd!345",
      "nickName": "박동욱",
      "chooseFile": "image.png"
    },
    {
      "userId": 16,
      "email": "stuvwx@email.com",
      "password": "Efgh!678",
      "nickName": "정서연",
      "chooseFile": "image.png"
    },
    {
      "userId": 17,
      "email": "yzabcl@email.com",
      "password": "Ijkl!901",
      "nickName": "홍길동",
      "chooseFile": "image.png"
    },
    {
      "userId": 18,
      "email": "defghi@email.com",
      "password": "Mnop!234",
      "nickName": "HappyCoder11",
      "chooseFile": "image.png"
    },
    {
      "userId": 19,
      "email": "jklmno@email.com",
      "password": "Qrst!567",
      "nickName": "Kei",
      "chooseFile": "image.png"
    },
    {
      "userId": 20,
      "email": "pqrstu@email.com",
      "password": "Uvwx!890",
      "nickName": "스폰지밥",
      "chooseFile": "image.png"
    }
  ],
  "posts": [
    {
      "postId": 1,
      "posttitle": "제가 1번째 게시자입니다. 반가워요",
      "content": "1빠입니다",
      "nickName": "홍길동",
      "datetime": "2021-01-01 00:00:00",
      "chooseFile": "rect.png",
      "likes": 1004,
      "comments": 3,
      "views": 20240
    },
    {
      "postId": 2,
      "posttitle": "카카오클라우드스쿨 합격했어요",
      "content": "반갑습니다 친하게 지내요!🥰",
      "nickName": "카클스",
      "datetime": "2024-06-24T08:35:40.417Z",
      "chooseFile": "춘식이.jpg",
      "likes": 800,
      "comments": 1,
      "views": 1025
    },
    {
      "postId": 3,
      "posttitle": "이것은 3번째 게시글입니다. 환영합니다!",
      "content": "우와 내가 3빠",
      "nickName": "집에가고싶다",
      "datetime": "2021-05-04 12:34:56",
      "chooseFile": "image.png",
      "likes": 1004,
      "comments": 1,
      "views": 20240
    },
    {
      "postId": 4,
      "posttitle": "우리집 고양이 자랑",
      "content": "우리 애 너무 이쁘지?",
      "nickName": "s개발자",
      "datetime": "2021-07-06 14:30:22",
      "chooseFile": "https://mblogthumb-phinf.pstatic.net/MjAyMTAyMDRfNjIg/MDAxNjEyNDA4OTk5NDQ4.6UGs399-0EXjIUwwWsYg7o66lDb-MPOVQ-zNDy1Wnnkg.m-WZz0IKKnc5OO2mjY5dOD-0VsfpXg7WVGgds6fKwnIg.JPEG.sunny_side_up12/1612312679152%EF%BC%8D2.jpg?type=w800",
      "likes": 9043,
      "comments": 1,
      "views": 20240
    },
    {
      "postId": 5,
      "posttitle": "저희 서로이웃 해요~",
      "content": "블로그 주소 공유합니다.",
      "nickName": "최민주",
      "datetime": "2021-09-08 16:45:10",
      "chooseFile": "image.png",
      "likes": 1004,
      "comments": 1,
      "views": 20240
    },
    {
      "postId": 6,
      "posttitle": "클라우드를 배우고 싶은데 추천하는 학원 있나요?",
      "content": "집 근처로 다니고 싶은데 좋은 곳이 뭐가 있을까요?",
      "nickName": "정서연",
      "datetime": "2021-11-10 18:20:35",
      "chooseFile": "image.png",
      "likes": 1004,
      "comments": 1,
      "views": 20240
    },
    {
      "postId": 7,
      "posttitle": "운동으로 건강을 찾다",
      "content": "내용입니다",
      "nickName": "강현우",
      "datetime": "2022-01-12 20:15:48",
      "chooseFile": "image.png",
      "likes": 1004,
      "comments": 1,
      "views": 20240
    },
    {
      "postId": 8,
      "posttitle": "영화 리뷰: 이번 주의 추천작",
      "content": "내용입니다",
      "nickName": "조지아",
      "datetime": "2022-03-14 22:50:26",
      "chooseFile": "image.png",
      "likes": 1004,
      "comments": 1,
      "views": 20240
    },
    {
      "postId": 9,
      "posttitle": "취미 생활, 나만의 시간",
      "content": "내용입니다",
      "nickName": "윤성민",
      "datetime": "2022-05-16 11:25:44",
      "chooseFile": "image.png",
      "likes": 1004,
      "comments": 1,
      "views": 20240
    },
    {
      "postId": 10,
      "posttitle": "집에서 즐기는 홈카페",
      "content": "내용입니다",
      "nickName": "장하윤",
      "datetime": "2022-07-18 13:40:57",
      "chooseFile": "image.png",
      "likes": 1004,
      "comments": 1,
      "views": 20240
    },
    {
      "postId": 11,
      "posttitle": "일상에서 찾은 소소한 팁",
      "content": "내용입니다",
      "nickName": "임예진",
      "datetime": "2022-09-20 15:55:33",
      "chooseFile": "image.png",
      "likes": 1004,
      "comments": 1,
      "views": 20240
    },
    {
      "postId": 12,
      "posttitle": "나의 취미 생활: 그림 그리기",
      "content": "새로 생긴 드로잉 카페 너무 좋아요",
      "nickName": "김철수",
      "datetime": "2022-11-22 17:10:29",
      "chooseFile": "image.png",
      "likes": 1004,
      "comments": 1,
      "views": 20240
    },
    {
      "postId": 13,
      "posttitle": "맛집 탐방기: 이번 주의 발견",
      "content": "내용입니다",
      "nickName": "이영희",
      "datetime": "2023-01-24 19:25:15",
      "chooseFile": "image.png",
      "likes": 1004,
      "comments": 1,
      "views": 20240
    },
    {
      "postId": 14,
      "posttitle": "휴식이 필요할 때",
      "content": "내용입니다",
      "nickName": "박동욱",
      "datetime": "2023-03-26 21:40:02",
      "chooseFile": "image.png",
      "likes": 1004,
      "comments": 1,
      "views": 20240
    },
    {
      "postId": 15,
      "posttitle": "자기계발, 나를 위한 투자",
      "content": "내용입니다",
      "nickName": "최민주",
      "datetime": "2023-05-28 23:55:49",
      "chooseFile": "image.png",
      "likes": 1004,
      "comments": 1,
      "views": 20240
    },
    {
      "postId": 16,
      "posttitle": "요리로 행복을 만들다",
      "content": "내용입니다",
      "nickName": "정서연",
      "datetime": "2023-07-30 12:10:36",
      "chooseFile": "image.png",
      "likes": 1004,
      "comments": 1,
      "views": 20240
    },
    {
      "postId": 17,
      "posttitle": "커피 한 잔의 여유",
      "content": "아메리카노 먹으면서 여유를 즐겨보세요!",
      "nickName": "강현우",
      "datetime": "2023-09-01 14:25:23",
      "chooseFile": "https://th.bing.com/th/id/OIG2.KPy9ktcOaZ8OsEONKhK_?pid=ImgGn",
      "likes": 1004,
      "comments": 1,
      "views": 20240
    },
    {
      "postId": 18,
      "posttitle": "건강한 삶을 위한 첫걸음",
      "content": "내용입니다",
      "nickName": "조지아",
      "datetime": "2023-11-03 16:40:10",
      "chooseFile": "https://th.bing.com/th/id/OIG2.TFIDXYOFttTU0PnojRFz?w=1024&h=1024&rs=1&pid=ImgDetMain",
      "likes": 1004,
      "comments": 1,
      "views": 20240
    },
    {
      "posttitle": "5월 30일 조별회고",
      "content": "3조와 4조가 함께 회고를 하였습니다.",
      "nickName": "Kei",
      "datetime": "2024-05-30T14:49:01.632Z",
      "chooseFile": "blob:http://localhost:8000/33ef79d0-e878-47cc-95d1-1f50498b5df9",
      "postId": 19,
      "likes": 1004,
      "comments": 1,
      "views": 20240
    },
    {
      "posttitle": "5월 31일에 뭐할까요?",
      "content": "금요일인데 저녁에 맛있는 음식을 먹고 싶어요.\n맛집 추천 부탁드립니다!",
      "nickName": "Kei",
      "datetime": "2024-05-30T15:29:33.832Z",
      "chooseFile": "blob:http://localhost:8000/1a188a9e-eedd-473f-bb92-d2f747fb760f",
      "postId": 20,
      "likes": 29,
      "comments": 0,
      "views": 200
    },
    {
      "posttitle": "6월이 되었어요",
      "content": "저는 머리 자르고 염색하고 올 거예요\n머리 스타일 추천 해주세요!",
      "nickName": "Kei",
      "datetime": "2024-05-31T15:05:26.516Z",
      "chooseFile": null,
      "postId": 21,
      "likes": 1004,
      "comments": 1,
      "views": 20240
    },
    {
      "posttitle": "거북섬 피자집 새로 생김",
      "content": "회사 근처에 있어서 먹어봤는데 수제 피자 같고 맛있음 꼭 가서 먹어봐라 ㅇㅇ\nhttps://naver.me/FRcBvwvm",
      "nickName": "rlfls98",
      "datetime": "2024-06-01T15:09:59.350Z",
      "chooseFile": "https://search.pstatic.net/common/?src=https%3A%2F%2Fldb-phinf.pstatic.net%2F20230821_208%2F1692586409516AzdLS_JPEG%2F%25C5%25A9%25B1%25E2%25BA%25AF%25C8%25AF%25B3%25EB%25BA%25A3%25C4%25DD%25B7%25CE%25B7%25B9_%25B8%25DE%25B4%25BA_%25C0%25CC%25B9%25CC%25C1%25F6_2.jpg",
      "postId": 22,
      "likes": 1004,
      "comments": 1,
      "views": 20240
    },
    {
      "posttitle": "홈트 추천 받는다",
      "content": "코딩하면서 할 수 있는 운동 추천 좀",
      "nickName": "kakao",
      "datetime": "2024-06-14T15:44:04.755Z",
      "chooseFile": "blob:http://localhost:8000/4c2a9e02-11d3-46ee-bca0-bd583a2a9caa",
      "postId": 23
    },
    {
      "posttitle": "게시글 쓰기",
      "content": "글 새로 써요",
      "nickName": "kakao",
      "datetime": "2024-06-14T15:55:14.994Z",
      "chooseFile": "blob:http://localhost:8000/17848d16-c8e9-47f5-a062-4420d5f7fc18",
      "postId": 24
    },
    {
      "postId": 25,
      "posttitle": "버그수정",
      "content": "버그 수정해요",
      "nickName": "kakao",
      "datetime": "2024-06-14T16:42:25.276Z",
      "chooseFile": null
    },
    {
      "postId": 26,
      "posttitle": "오류수정",
      "content": "3주차 하고 싶엉..",
      "nickName": "kakao",
      "datetime": "2024-06-14T16:46:03.440Z",
      "chooseFile": null
    },
    {
      "postId": 27,
      "posttitle": "35번쨰?",
      "content": "몇 번쨰일까ㅛㅇ?",
      "nickName": "kakao",
      "datetime": "2024-06-14T16:49:25.143Z",
      "chooseFile": null
    }
  ],
  "comments": [
    {
      "commentId": 1,
      "postId": 1,
      "nickName": "스타트업코드",
      "content": "잘 보고 갑니다!",
      "datetime": "2023-11-03 16:40:10"
    },
    {
      "commentId": 2,
      "postId": 1,
      "nickName": "카클스",
      "content": "좋은 글 감사합니다",
      "datetime": "2023-11-03 16:40:10"
    },
    {
      "commentId": 3,
      "postId": 8,
      "nickName": "반짝이는별",
      "content": "번쩍번쩍한 아이디어네요!",
      "datetime": "2023-11-03 16:40:10"
    },
    {
      "commentId": 4,
      "postId": 5,
      "nickName": "푸른바다",
      "content": "나도 고양이 키우고 싶어",
      "datetime": "2023-11-03 16:40:10"
    },
    {
      "commentId": 5,
      "postId": 3,
      "nickName": "해피드림",
      "content": "서로이웃 신청했습니다~",
      "datetime": "2023-11-03 16:40:10"
    },
    {
      "commentId": 6,
      "postId": 12,
      "nickName": "행복한나무",
      "content": "카카오클라우드스쿨 추천합니다",
      "datetime": "2023-11-03 16:40:10"
    },
    {
      "commentId": 7,
      "postId": 7,
      "nickName": "빛나는별",
      "content": "저도 며칠 전에 헬스장 끊음",
      "datetime": "2023-11-03 16:40:10"
    },
    {
      "commentId": 8,
      "postId": 11,
      "nickName": "맑은샘물",
      "content": "좋은 글 감사합니다",
      "datetime": "2023-11-03 16:40:10"
    },
    {
      "commentId": 9,
      "postId": 9,
      "nickName": "초록숲",
      "content": "잘 보고 갑니다!",
      "datetime": "2023-11-03 16:40:10"
    },
    {
      "commentId": 10,
      "postId": 14,
      "nickName": "푸른하늘",
      "content": "좋은 글 감사합니다",
      "datetime": "2023-11-03 16:40:10"
    },
    {
      "commentId": 11,
      "postId": 1,
      "nickName": "해피드림",
      "content": "잘 보고 갑니다!",
      "datetime": "2023-11-03 16:40:10"
    },
    {
      "commentId": 12,
      "postId": 2,
      "nickName": "따뜻한햇살",
      "content": "좋은 글 감사합니다",
      "datetime": "2023-11-03 16:40:10"
    },
    {
      "nickName": "rlfls98",
      "datetime": "2024-05-31T15:05:37.396Z",
      "content": "저는 레이어드컷 추천합니다 ㅎㅎ",
      "commentId": 13,
      "postId": 21
    },
    {
      "nickName": "카클스",
      "datetime": "2024-06-01T15:10:37.549Z",
      "content": "피자 비주얼 미쳤네",
      "commentId": 14,
      "postId": 22
    },
    {
      "nickName": "윤성민",
      "datetime": "2024-06-01T16:05:26.699Z",
      "content": "yyyy",
      "commentId": 18,
      "postId": 23
    },
    {
      "nickName": "조지아",
      "datetime": "2024-06-02T13:56:14.080Z",
      "content": "awsaws",
      "commentId": 16,
      "postId": 24
    },
    {
      "nickName": "현재 사용자",
      "datetime": "2024-06-02T15:49:28.036Z",
      "content": "fweafwaef",
      "commentId": 17,
      "postId": 2
    },
    {
      "nickName": "현재 사용자",
      "datetime": "2024-06-02T16:01:32.561Z",
      "content": "이웃 신청 걸었어요~",
      "commentId": 18,
      "postId": 5
    },
    {
      "nickName": "현재 사용자",
      "datetime": "2024-06-09T12:41:14.975Z",
      "content": "댓글을 남겨주세요!",
      "commentId": 19,
      "postId": 25
    },
    {
      "postId": 25,
      "nickName": "현재 사용자",
      "datetime": "2024-06-13T07:18:44.515Z",
      "content": "성지 순례 왔습니다",
      "commentId": 20
    },
    {
      "postId": 29,
      "nickName": "현재 사용자",
      "datetime": "2024-06-14T02:38:40.057Z",
      "content": "난 떡볶이 추천~",
      "commentId": 21
    }
  ]
}